mil,5 mil,10 mil,50 mil,100 mil
0.14149816036224366,0.018183791637420656,0.04861094951629639,0.25582261085510255,0.7111605167388916
