mil,5 mil,10 mil,50 mil,100 mil
0.0016251802444458008,0.04169209003448486,0.1542208671569824,4.134392035007477,21.234562492370607
