mil,5 mil,10 mil,50 mil,100 mil
0.07942310571670533,2.4634081959724425,10.663058638572693,273.08877185583117,1104.2202569842339
