mil,5 mil,10 mil,50 mil,100 mil
0.029735565185546875,0.8350388288497925,3.878384053707123,89.86492552757264,372.1582642674446
