mil,5 mil,10 mil,50 mil,100 mil
0.001846456527709961,0.03841311931610107,0.1544248104095459,6.906198441982269,23.108048379421234
